-- phpMyAdmin SQL Dump
-- version 4.4.12
-- http://www.phpmyadmin.net
--
-- Host: 127.0.0.1
-- Generation Time: Apr 25, 2016 at 07:53 PM
-- Server version: 5.6.25
-- PHP Version: 5.6.11

SET SQL_MODE = "NO_AUTO_VALUE_ON_ZERO";
SET time_zone = "+00:00";


/*!40101 SET @OLD_CHARACTER_SET_CLIENT=@@CHARACTER_SET_CLIENT */;
/*!40101 SET @OLD_CHARACTER_SET_RESULTS=@@CHARACTER_SET_RESULTS */;
/*!40101 SET @OLD_COLLATION_CONNECTION=@@COLLATION_CONNECTION */;
/*!40101 SET NAMES utf8mb4 */;

--
-- Database: `kdlco_oms`
--

-- --------------------------------------------------------

--
-- Table structure for table `bf_activities`
--

CREATE TABLE IF NOT EXISTS `bf_activities` (
  `activity_id` bigint(20) NOT NULL,
  `user_id` bigint(20) unsigned NOT NULL DEFAULT '0',
  `activity` varchar(255) NOT NULL,
  `module` varchar(255) NOT NULL,
  `created_on` datetime NOT NULL,
  `deleted` tinyint(12) NOT NULL DEFAULT '0'
) ENGINE=InnoDB AUTO_INCREMENT=29 DEFAULT CHARSET=utf8;

--
-- Dumping data for table `bf_activities`
--

INSERT INTO `bf_activities` (`activity_id`, `user_id`, `activity`, `module`, `created_on`, `deleted`) VALUES
(1, 1, 'logged in from: ::1', 'users', '2016-04-20 19:19:01', 0),
(2, 1, 'App settings saved from: ::1', 'core', '2016-04-20 19:19:34', 0),
(3, 1, 'Created Module: Pending tasks : ::1', 'modulebuilder', '2016-04-20 19:29:10', 0),
(4, 1, 'Migration module: pending_tasks Version: 3 from: ::1', 'migrations', '2016-04-20 19:48:02', 0),
(5, 1, 'Migration module: pending_tasks Version: 3 from: ::1', 'migrations', '2016-04-20 19:49:01', 0),
(6, 1, 'Migrate Type: pending_tasks_ to Version: 3 from: ::1', 'migrations', '2016-04-20 19:58:05', 0),
(7, 1, 'Migration module: pending_tasks Version: 3 from: ::1', 'migrations', '2016-04-20 19:58:05', 0),
(8, 1, 'Migrate Type: pending_tasks_ to Version: 4 from: ::1', 'migrations', '2016-04-20 20:38:30', 0),
(9, 1, 'Migration module: pending_tasks Version: 4 from: ::1', 'migrations', '2016-04-20 20:38:30', 0),
(10, 1, 'Created record with ID: 1 : ::1', 'pending_tasks', '2016-04-20 20:48:47', 0),
(11, 1, 'Updated record with ID: 1 : ::1', 'pending_tasks', '2016-04-20 20:52:37', 0),
(12, 1, 'Migrate Type: pending_tasks_ to Version: 5 from: ::1', 'migrations', '2016-04-20 20:54:59', 0),
(13, 1, 'Migration module: pending_tasks Version: 5 from: ::1', 'migrations', '2016-04-20 20:54:59', 0),
(14, 1, 'Deleted record with ID: 1 : ::1', 'pending_tasks', '2016-04-20 20:55:59', 0),
(15, 1, 'Created record with ID: 2 : ::1', 'pending_tasks', '2016-04-20 20:56:14', 0),
(16, 1, 'Created record with ID: 3 : ::1', 'pending_tasks', '2016-04-20 21:03:44', 0),
(17, 1, 'Created record with ID: 4 : ::1', 'pending_tasks', '2016-04-21 00:36:34', 0),
(18, 1, 'App settings saved from: ::1', 'core', '2016-04-21 00:37:27', 0),
(19, 1, 'App settings saved from: ::1', 'core', '2016-04-21 00:38:09', 0),
(20, 1, 'created a new Editor: Taral Patoliya', 'users', '2016-04-21 00:41:26', 0),
(21, 2, 'logged in from: ::1', 'users', '2016-04-21 00:42:20', 0),
(22, 1, 'logged in from: ::1', 'users', '2016-04-24 18:06:22', 0),
(23, 1, 'Updated record with ID: 2 : ::1', 'pending_tasks', '2016-04-24 19:08:13', 0),
(24, 1, 'logged in from: ::1', 'users', '2016-04-25 21:46:53', 0),
(25, 1, 'Created record with ID: 5 : ::1', 'pending_tasks', '2016-04-25 21:49:25', 0),
(26, 1, 'Created record with ID: 6 : ::1', 'pending_tasks', '2016-04-25 21:50:30', 0),
(27, 1, 'Created record with ID: 7 : ::1', 'pending_tasks', '2016-04-25 21:51:26', 0),
(28, 1, 'Created record with ID: 8 : ::1', 'pending_tasks', '2016-04-25 22:25:45', 0);

-- --------------------------------------------------------

--
-- Table structure for table `bf_ci3_sessions`
--

CREATE TABLE IF NOT EXISTS `bf_ci3_sessions` (
  `id` varchar(40) NOT NULL,
  `ip_address` varchar(45) NOT NULL,
  `timestamp` int(10) unsigned NOT NULL DEFAULT '0',
  `data` blob NOT NULL
) ENGINE=InnoDB DEFAULT CHARSET=utf8;

--
-- Dumping data for table `bf_ci3_sessions`
--

INSERT INTO `bf_ci3_sessions` (`id`, `ip_address`, `timestamp`, `data`) VALUES
('0f7a5df237fb28178b33133271bc0fd5b780f574', '::1', 1461173389, 0x5f5f63695f6c6173745f726567656e65726174657c693a313436313137333130343b7265717565737465645f706167657c733a37343a22687474703a2f2f6c6f63616c686f73742f6b646c616e64636f5f6f6d732f7075626c69632f696e6465782e7068702f61646d696e2f636f6e74656e742f70656e64696e675f7461736b73223b757365725f69647c733a313a2231223b617574685f637573746f6d7c733a353a2261646d696e223b757365725f746f6b656e7c733a34303a2237623832376334633862303064333436306166373932373261333031326463663337366630656539223b6964656e746974797c733a31393a2261646d696e406d79626f6e666972652e636f6d223b726f6c655f69647c733a313a2231223b6c6f676765645f696e7c623a313b6c616e67756167657c733a373a22656e676c697368223b70726576696f75735f706167657c733a37343a22687474703a2f2f6c6f63616c686f73742f6b646c616e64636f5f6f6d732f7075626c69632f696e6465782e7068702f61646d696e2f636f6e74656e742f70656e64696e675f7461736b73223b),
('16019a4c72eaa7043ba403491902852f537023c3', '::1', 1461505908, 0x5f5f63695f6c6173745f726567656e65726174657c693a313436313530353830353b7265717565737465645f706167657c733a36303a22687474703a2f2f6c6f63616c686f73742f6b646c616e64636f5f6f6d732f7075626c69632f696e6465782e7068702f61646d696e2f636f6e74656e74223b757365725f69647c733a313a2231223b617574685f637573746f6d7c733a353a2261646d696e223b757365725f746f6b656e7c733a34303a2237623832376334633862303064333436306166373932373261333031326463663337366630656539223b6964656e746974797c733a353a2261646d696e223b726f6c655f69647c733a313a2231223b6c6f676765645f696e7c623a313b6c616e67756167657c733a373a22656e676c697368223b70726576696f75735f706167657c733a36303a22687474703a2f2f6c6f63616c686f73742f6b646c616e64636f5f6f6d732f7075626c69632f696e6465782e7068702f61646d696e2f636f6e74656e74223b),
('192d40d3bfd99488d038b3958e150510d648eeb3', '::1', 1461178188, 0x5f5f63695f6c6173745f726567656e65726174657c693a313436313137373933353b7265717565737465645f706167657c733a37343a22687474703a2f2f6c6f63616c686f73742f6b646c616e64636f5f6f6d732f7075626c69632f696e6465782e7068702f61646d696e2f636f6e74656e742f70656e64696e675f7461736b73223b757365725f69647c733a313a2231223b617574685f637573746f6d7c733a353a2261646d696e223b757365725f746f6b656e7c733a34303a2237623832376334633862303064333436306166373932373261333031326463663337366630656539223b6964656e746974797c733a31393a2261646d696e406d79626f6e666972652e636f6d223b726f6c655f69647c733a313a2231223b6c6f676765645f696e7c623a313b6c616e67756167657c733a373a22656e676c697368223b70726576696f75735f706167657c733a37343a22687474703a2f2f6c6f63616c686f73742f6b646c616e64636f5f6f6d732f7075626c69632f696e6465782e7068702f61646d696e2f636f6e74656e742f70656e64696e675f7461736b73223b6d6573736167657c733a303a22223b5f5f63695f766172737c613a313a7b733a373a226d657373616765223b733a333a226f6c64223b7d),
('1faadc2f4fcaff5a77fec9d93e5617faf7c1b157', '::1', 1461179662, 0x5f5f63695f6c6173745f726567656e65726174657c693a313436313137393636313b7265717565737465645f706167657c733a35323a22687474703a2f2f6c6f63616c686f73742f6b646c616e64636f5f6f6d732f7075626c69632f696e6465782e7068702f61646d696e223b6d6573736167657c733a303a22223b5f5f63695f766172737c613a313a7b733a373a226d657373616765223b733a333a226e6577223b7d),
('20790624c8cf52331d33b77396feca7e22b0159a', '::1', 1461431535, 0x5f5f63695f6c6173745f726567656e65726174657c693a313436313433313330373b7265717565737465645f706167657c733a37343a22687474703a2f2f6c6f63616c686f73742f6b646c616e64636f5f6f6d732f7075626c69632f696e6465782e7068702f61646d696e2f636f6e74656e742f70656e64696e675f7461736b73223b757365725f69647c733a313a2231223b617574685f637573746f6d7c733a353a2261646d696e223b757365725f746f6b656e7c733a34303a2237623832376334633862303064333436306166373932373261333031326463663337366630656539223b6964656e746974797c733a353a2261646d696e223b726f6c655f69647c733a313a2231223b6c6f676765645f696e7c623a313b6c616e67756167657c733a373a22656e676c697368223b70726576696f75735f706167657c733a38353a22687474703a2f2f6c6f63616c686f73742f6b646c616e64636f5f6f6d732f7075626c69632f696e6465782e7068702f61646d696e2f73657474696e67732f726f6c65732f7065726d697373696f6e5f6d6174726978223b),
('30315fb73c78c320178a293b9064d2f250351eec', '::1', 1461435911, 0x5f5f63695f6c6173745f726567656e65726174657c693a313436313433353930373b7265717565737465645f706167657c733a38353a22687474703a2f2f6c6f63616c686f73742f6b646c616e64636f5f6f6d732f7075626c69632f696e6465782e7068702f61646d696e2f73657474696e67732f726f6c65732f7065726d697373696f6e5f6d6174726978223b757365725f69647c733a313a2231223b617574685f637573746f6d7c733a353a2261646d696e223b757365725f746f6b656e7c733a34303a2237623832376334633862303064333436306166373932373261333031326463663337366630656539223b6964656e746974797c733a353a2261646d696e223b726f6c655f69647c733a313a2231223b6c6f676765645f696e7c623a313b6c616e67756167657c733a373a22656e676c697368223b70726576696f75735f706167657c733a38353a22687474703a2f2f6c6f63616c686f73742f6b646c616e64636f5f6f6d732f7075626c69632f696e6465782e7068702f61646d696e2f73657474696e67732f726f6c65732f7065726d697373696f6e5f6d6174726978223b),
('381ca9fedddcd12ea8085f7149cf710971f43ad7', '::1', 1461430610, 0x5f5f63695f6c6173745f726567656e65726174657c693a313436313433303630393b7265717565737465645f706167657c733a34363a22687474703a2f2f6c6f63616c686f73742f6b646c616e64636f5f6f6d732f7075626c69632f696e6465782e706870223b757365725f69647c733a313a2231223b617574685f637573746f6d7c733a353a2261646d696e223b757365725f746f6b656e7c733a34303a2237623832376334633862303064333436306166373932373261333031326463663337366630656539223b6964656e746974797c733a353a2261646d696e223b726f6c655f69647c733a313a2231223b6c6f676765645f696e7c623a313b),
('39a2d623bb2b2563c537b8186b42adda415b93c6', '::1', 1461173634, 0x5f5f63695f6c6173745f726567656e65726174657c693a313436313137333430353b7265717565737465645f706167657c733a38313a22687474703a2f2f6c6f63616c686f73742f6b646c616e64636f5f6f6d732f7075626c69632f696e6465782e7068702f61646d696e2f636f6e74656e742f70656e64696e675f7461736b732f637265617465223b757365725f69647c733a313a2231223b617574685f637573746f6d7c733a353a2261646d696e223b757365725f746f6b656e7c733a34303a2237623832376334633862303064333436306166373932373261333031326463663337366630656539223b6964656e746974797c733a31393a2261646d696e406d79626f6e666972652e636f6d223b726f6c655f69647c733a313a2231223b6c6f676765645f696e7c623a313b6c616e67756167657c733a373a22656e676c697368223b70726576696f75735f706167657c733a38313a22687474703a2f2f6c6f63616c686f73742f6b646c616e64636f5f6f6d732f7075626c69632f696e6465782e7068702f61646d696e2f636f6e74656e742f70656e64696e675f7461736b732f637265617465223b),
('3e86e1b6617be14cceec74c6dc8f7f92fa7da4aa', '::1', 1461178575, 0x5f5f63695f6c6173745f726567656e65726174657c693a313436313137383331393b7265717565737465645f706167657c733a37343a22687474703a2f2f6c6f63616c686f73742f6b646c616e64636f5f6f6d732f7075626c69632f696e6465782e7068702f61646d696e2f636f6e74656e742f70656e64696e675f7461736b73223b757365725f69647c733a313a2231223b617574685f637573746f6d7c733a353a2261646d696e223b757365725f746f6b656e7c733a34303a2237623832376334633862303064333436306166373932373261333031326463663337366630656539223b6964656e746974797c733a31393a2261646d696e406d79626f6e666972652e636f6d223b726f6c655f69647c733a313a2231223b6c6f676765645f696e7c623a313b6c616e67756167657c733a373a22656e676c697368223b70726576696f75735f706167657c733a37343a22687474703a2f2f6c6f63616c686f73742f6b646c616e64636f5f6f6d732f7075626c69632f696e6465782e7068702f61646d696e2f636f6e74656e742f70656e64696e675f7461736b73223b6d6573736167657c733a303a22223b5f5f63695f766172737c613a313a7b733a373a226d657373616765223b733a333a226e6577223b7d),
('4716ae7a21a30ada5513745c3a27eefd77ad0b47', '::1', 1461179313, 0x5f5f63695f6c6173745f726567656e65726174657c693a313436313137393032343b7265717565737465645f706167657c733a37343a22687474703a2f2f6c6f63616c686f73742f6b646c616e64636f5f6f6d732f7075626c69632f696e6465782e7068702f61646d696e2f73657474696e67732f726f6c65732f656469742f32223b757365725f69647c733a313a2231223b617574685f637573746f6d7c733a353a2261646d696e223b757365725f746f6b656e7c733a34303a2237623832376334633862303064333436306166373932373261333031326463663337366630656539223b6964656e746974797c733a31393a2261646d696e406d79626f6e666972652e636f6d223b726f6c655f69647c733a313a2231223b6c6f676765645f696e7c623a313b6c616e67756167657c733a373a22656e676c697368223b70726576696f75735f706167657c733a37343a22687474703a2f2f6c6f63616c686f73742f6b646c616e64636f5f6f6d732f7075626c69632f696e6465782e7068702f61646d696e2f73657474696e67732f726f6c65732f656469742f32223b),
('488c26b74b9ccd69993afcc8d3f048ab0c413de1', '::1', 1461173823, 0x5f5f63695f6c6173745f726567656e65726174657c693a313436313137333831303b7265717565737465645f706167657c733a38313a22687474703a2f2f6c6f63616c686f73742f6b646c616e64636f5f6f6d732f7075626c69632f696e6465782e7068702f61646d696e2f636f6e74656e742f70656e64696e675f7461736b732f637265617465223b757365725f69647c733a313a2231223b617574685f637573746f6d7c733a353a2261646d696e223b757365725f746f6b656e7c733a34303a2237623832376334633862303064333436306166373932373261333031326463663337366630656539223b6964656e746974797c733a31393a2261646d696e406d79626f6e666972652e636f6d223b726f6c655f69647c733a313a2231223b6c6f676765645f696e7c623a313b6c616e67756167657c733a373a22656e676c697368223b70726576696f75735f706167657c733a38313a22687474703a2f2f6c6f63616c686f73742f6b646c616e64636f5f6f6d732f7075626c69632f696e6465782e7068702f61646d696e2f636f6e74656e742f70656e64696e675f7461736b732f637265617465223b),
('63cae13eb7de5fd64eb0c4a64b03aa4fb5c7cf5d', '::1', 1461178996, 0x5f5f63695f6c6173745f726567656e65726174657c693a313436313137383730313b7265717565737465645f706167657c733a38313a22687474703a2f2f6c6f63616c686f73742f6b646c616e64636f5f6f6d732f7075626c69632f696e6465782e7068702f61646d696e2f636f6e74656e742f70656e64696e675f7461736b732f637265617465223b757365725f69647c733a313a2231223b617574685f637573746f6d7c733a353a2261646d696e223b757365725f746f6b656e7c733a34303a2237623832376334633862303064333436306166373932373261333031326463663337366630656539223b6964656e746974797c733a31393a2261646d696e406d79626f6e666972652e636f6d223b726f6c655f69647c733a313a2231223b6c6f676765645f696e7c623a313b6c616e67756167657c733a373a22656e676c697368223b70726576696f75735f706167657c733a38313a22687474703a2f2f6c6f63616c686f73742f6b646c616e64636f5f6f6d732f7075626c69632f696e6465782e7068702f61646d696e2f636f6e74656e742f70656e64696e675f7461736b732f637265617465223b),
('7126dcc7e76cf68e94e330755d0a0e095f642d66', '::1', 1461175085, 0x5f5f63695f6c6173745f726567656e65726174657c693a313436313137343936313b7265717565737465645f706167657c733a37333a22687474703a2f2f6c6f63616c686f73742f6b646c616e64636f5f6f6d732f7075626c69632f696e6465782e7068702f61646d696e2f646576656c6f7065722f6d6967726174696f6e73223b757365725f69647c733a313a2231223b617574685f637573746f6d7c733a353a2261646d696e223b757365725f746f6b656e7c733a34303a2237623832376334633862303064333436306166373932373261333031326463663337366630656539223b6964656e746974797c733a31393a2261646d696e406d79626f6e666972652e636f6d223b726f6c655f69647c733a313a2231223b6c6f676765645f696e7c623a313b6c616e67756167657c733a373a22656e676c697368223b70726576696f75735f706167657c733a37333a22687474703a2f2f6c6f63616c686f73742f6b646c616e64636f5f6f6d732f7075626c69632f696e6465782e7068702f61646d696e2f646576656c6f7065722f6d6967726174696f6e73223b6d6573736167657c733a303a22223b5f5f63695f766172737c613a313a7b733a373a226d657373616765223b733a333a226e6577223b7d),
('7469468515bd652be0d83c0ee8778c2a4e22aae1', '::1', 1461431210, 0x5f5f63695f6c6173745f726567656e65726174657c693a313436313433303939383b7265717565737465645f706167657c733a37343a22687474703a2f2f6c6f63616c686f73742f6b646c616e64636f5f6f6d732f7075626c69632f696e6465782e7068702f61646d696e2f636f6e74656e742f70656e64696e675f7461736b73223b757365725f69647c733a313a2231223b617574685f637573746f6d7c733a353a2261646d696e223b757365725f746f6b656e7c733a34303a2237623832376334633862303064333436306166373932373261333031326463663337366630656539223b6964656e746974797c733a353a2261646d696e223b726f6c655f69647c733a313a2231223b6c6f676765645f696e7c623a313b6c616e67756167657c733a373a22656e676c697368223b70726576696f75735f706167657c733a37343a22687474703a2f2f6c6f63616c686f73742f6b646c616e64636f5f6f6d732f7075626c69632f696e6465782e7068702f61646d696e2f636f6e74656e742f70656e64696e675f7461736b73223b),
('7be3572c97b7a2e2436a17e1b8e76552eae75be7', '::1', 1461606771, 0x5f5f63695f6c6173745f726567656e65726174657c693a313436313630363737313b7265717565737465645f706167657c733a36303a22687474703a2f2f6c6f63616c686f73742f6b646c616e64636f5f6f6d732f7075626c69632f696e6465782e7068702f61646d696e2f636f6e74656e74223b757365725f69647c733a313a2231223b617574685f637573746f6d7c733a353a2261646d696e223b757365725f746f6b656e7c733a34303a2237623832376334633862303064333436306166373932373261333031326463663337366630656539223b6964656e746974797c733a353a2261646d696e223b726f6c655f69647c733a313a2231223b6c6f676765645f696e7c623a313b6c616e67756167657c733a373a22656e676c697368223b70726576696f75735f706167657c733a36303a22687474703a2f2f6c6f63616c686f73742f6b646c616e64636f5f6f6d732f7075626c69632f696e6465782e7068702f61646d696e2f636f6e74656e74223b),
('81b7b1021e33ba06d0cdfbd34eb84f2d86107f39', '::1', 1461505112, 0x5f5f63695f6c6173745f726567656e65726174657c693a313436313530353031393b7265717565737465645f706167657c733a36303a22687474703a2f2f6c6f63616c686f73742f6b646c616e64636f5f6f6d732f7075626c69632f696e6465782e7068702f61646d696e2f636f6e74656e74223b757365725f69647c733a313a2231223b617574685f637573746f6d7c733a353a2261646d696e223b757365725f746f6b656e7c733a34303a2237623832376334633862303064333436306166373932373261333031326463663337366630656539223b6964656e746974797c733a353a2261646d696e223b726f6c655f69647c733a313a2231223b6c6f676765645f696e7c623a313b6c616e67756167657c733a373a22656e676c697368223b70726576696f75735f706167657c733a36303a22687474703a2f2f6c6f63616c686f73742f6b646c616e64636f5f6f6d732f7075626c69632f696e6465782e7068702f61646d696e2f636f6e74656e74223b),
('89969d579403e3125f71860a22b0f52c590baa3f', '::1', 1461502855, 0x5f5f63695f6c6173745f726567656e65726174657c693a313436313530323637383b7265717565737465645f706167657c733a35323a22687474703a2f2f6c6f63616c686f73742f6b646c616e64636f5f6f6d732f7075626c69632f696e6465782e7068702f61646d696e223b757365725f69647c733a313a2231223b617574685f637573746f6d7c733a353a2261646d696e223b757365725f746f6b656e7c733a34303a2237623832376334633862303064333436306166373932373261333031326463663337366630656539223b6964656e746974797c733a353a2261646d696e223b726f6c655f69647c733a313a2231223b6c6f676765645f696e7c623a313b6c616e67756167657c733a373a22656e676c697368223b70726576696f75735f706167657c733a36303a22687474703a2f2f6c6f63616c686f73742f6b646c616e64636f5f6f6d732f7075626c69632f696e6465782e7068702f61646d696e2f636f6e74656e74223b),
('91287815c2f65e7353c896dd831eefb8ae0e10e2', '::1', 1461600998, 0x5f5f63695f6c6173745f726567656e65726174657c693a313436313630303939373b7265717565737465645f706167657c733a34363a22687474703a2f2f6c6f63616c686f73742f6b646c616e64636f5f6f6d732f7075626c69632f696e6465782e706870223b),
('967cc88b6e20055c554a0092743d6df071820d8d', '::1', 1461501383, 0x5f5f63695f6c6173745f726567656e65726174657c693a313436313530313336393b7265717565737465645f706167657c733a36303a22687474703a2f2f6c6f63616c686f73742f6b646c616e64636f5f6f6d732f7075626c69632f696e6465782e7068702f61646d696e2f636f6e74656e74223b757365725f69647c733a313a2231223b617574685f637573746f6d7c733a353a2261646d696e223b757365725f746f6b656e7c733a34303a2237623832376334633862303064333436306166373932373261333031326463663337366630656539223b6964656e746974797c733a353a2261646d696e223b726f6c655f69647c733a313a2231223b6c6f676765645f696e7c623a313b6c616e67756167657c733a373a22656e676c697368223b70726576696f75735f706167657c733a36303a22687474703a2f2f6c6f63616c686f73742f6b646c616e64636f5f6f6d732f7075626c69632f696e6465782e7068702f61646d696e2f636f6e74656e74223b),
('99760f81e5878efd1fe669d8bd274a27525b4cbb', '::1', 1461505771, 0x5f5f63695f6c6173745f726567656e65726174657c693a313436313530353439383b7265717565737465645f706167657c733a36303a22687474703a2f2f6c6f63616c686f73742f6b646c616e64636f5f6f6d732f7075626c69632f696e6465782e7068702f61646d696e2f636f6e74656e74223b757365725f69647c733a313a2231223b617574685f637573746f6d7c733a353a2261646d696e223b757365725f746f6b656e7c733a34303a2237623832376334633862303064333436306166373932373261333031326463663337366630656539223b6964656e746974797c733a353a2261646d696e223b726f6c655f69647c733a313a2231223b6c6f676765645f696e7c623a313b6c616e67756167657c733a373a22656e676c697368223b70726576696f75735f706167657c733a36303a22687474703a2f2f6c6f63616c686f73742f6b646c616e64636f5f6f6d732f7075626c69632f696e6465782e7068702f61646d696e2f636f6e74656e74223b),
('b0f9961b717d45ec6df71efeebeb8f3ea8679a73', '::1', 1461177875, 0x5f5f63695f6c6173745f726567656e65726174657c693a313436313137373539373b7265717565737465645f706167657c733a38313a22687474703a2f2f6c6f63616c686f73742f6b646c616e64636f5f6f6d732f7075626c69632f696e6465782e7068702f61646d696e2f636f6e74656e742f70656e64696e675f7461736b732f637265617465223b757365725f69647c733a313a2231223b617574685f637573746f6d7c733a353a2261646d696e223b757365725f746f6b656e7c733a34303a2237623832376334633862303064333436306166373932373261333031326463663337366630656539223b6964656e746974797c733a31393a2261646d696e406d79626f6e666972652e636f6d223b726f6c655f69647c733a313a2231223b6c6f676765645f696e7c623a313b6c616e67756167657c733a373a22656e676c697368223b70726576696f75735f706167657c733a38313a22687474703a2f2f6c6f63616c686f73742f6b646c616e64636f5f6f6d732f7075626c69632f696e6465782e7068702f61646d696e2f636f6e74656e742f70656e64696e675f7461736b732f637265617465223b),
('b459d5ea51828953a01d444c05fc19a636422b74', '::1', 1461601286, 0x5f5f63695f6c6173745f726567656e65726174657c693a313436313630303939373b7265717565737465645f706167657c733a37343a22687474703a2f2f6c6f63616c686f73742f6b646c616e64636f5f6f6d732f7075626c69632f696e6465782e7068702f61646d696e2f636f6e74656e742f70656e64696e675f7461736b73223b757365725f69647c733a313a2231223b617574685f637573746f6d7c733a353a2261646d696e223b757365725f746f6b656e7c733a34303a2237623832376334633862303064333436306166373932373261333031326463663337366630656539223b6964656e746974797c733a353a2261646d696e223b726f6c655f69647c733a313a2231223b6c6f676765645f696e7c623a313b6c616e67756167657c733a373a22656e676c697368223b70726576696f75735f706167657c733a37343a22687474703a2f2f6c6f63616c686f73742f6b646c616e64636f5f6f6d732f7075626c69632f696e6465782e7068702f61646d696e2f636f6e74656e742f70656e64696e675f7461736b73223b6d6573736167657c733a303a22223b5f5f63695f766172737c613a313a7b733a373a226d657373616765223b733a333a226e6577223b7d),
('b80437cc07c34c2eb1edeeeb0d574553c8a120ce', '::1', 1461431878, 0x5f5f63695f6c6173745f726567656e65726174657c693a313436313433313634313b7265717565737465645f706167657c733a37343a22687474703a2f2f6c6f63616c686f73742f6b646c616e64636f5f6f6d732f7075626c69632f696e6465782e7068702f61646d696e2f636f6e74656e742f70656e64696e675f7461736b73223b757365725f69647c733a313a2231223b617574685f637573746f6d7c733a353a2261646d696e223b757365725f746f6b656e7c733a34303a2237623832376334633862303064333436306166373932373261333031326463663337366630656539223b6964656e746974797c733a353a2261646d696e223b726f6c655f69647c733a313a2231223b6c6f676765645f696e7c623a313b6c616e67756167657c733a373a22656e676c697368223b70726576696f75735f706167657c733a37343a22687474703a2f2f6c6f63616c686f73742f6b646c616e64636f5f6f6d732f7075626c69632f696e6465782e7068702f61646d696e2f636f6e74656e742f70656e64696e675f7461736b73223b),
('b9e9a54f3625c374b0532f0967cee3ae3cc30240', '::1', 1461177512, 0x5f5f63695f6c6173745f726567656e65726174657c693a313436313137373236393b7265717565737465645f706167657c733a37333a22687474703a2f2f6c6f63616c686f73742f6b646c616e64636f5f6f6d732f7075626c69632f696e6465782e7068702f61646d696e2f646576656c6f7065722f6d6967726174696f6e73223b757365725f69647c733a313a2231223b617574685f637573746f6d7c733a353a2261646d696e223b757365725f746f6b656e7c733a34303a2237623832376334633862303064333436306166373932373261333031326463663337366630656539223b6964656e746974797c733a31393a2261646d696e406d79626f6e666972652e636f6d223b726f6c655f69647c733a313a2231223b6c6f676765645f696e7c623a313b6c616e67756167657c733a373a22656e676c697368223b70726576696f75735f706167657c733a37333a22687474703a2f2f6c6f63616c686f73742f6b646c616e64636f5f6f6d732f7075626c69632f696e6465782e7068702f61646d696e2f646576656c6f7065722f6d6967726174696f6e73223b6d6573736167657c733a303a22223b5f5f63695f766172737c613a313a7b733a373a226d657373616765223b733a333a226e6577223b7d),
('bbd6f83666918bc3fcc25899c7eb797a904a7f81', '::1', 1461502547, 0x5f5f63695f6c6173745f726567656e65726174657c693a313436313530323330353b7265717565737465645f706167657c733a36303a22687474703a2f2f6c6f63616c686f73742f6b646c616e64636f5f6f6d732f7075626c69632f696e6465782e7068702f61646d696e2f636f6e74656e74223b757365725f69647c733a313a2231223b617574685f637573746f6d7c733a353a2261646d696e223b757365725f746f6b656e7c733a34303a2237623832376334633862303064333436306166373932373261333031326463663337366630656539223b6964656e746974797c733a353a2261646d696e223b726f6c655f69647c733a313a2231223b6c6f676765645f696e7c623a313b6c616e67756167657c733a373a22656e676c697368223b70726576696f75735f706167657c733a36303a22687474703a2f2f6c6f63616c686f73742f6b646c616e64636f5f6f6d732f7075626c69632f696e6465782e7068702f61646d696e2f636f6e74656e74223b),
('bf4859cf5f6c3a2563e9dc59535c3c0e6d24b3dd', '::1', 1461601322, 0x5f5f63695f6c6173745f726567656e65726174657c693a313436313630313332313b7265717565737465645f706167657c733a36303a22687474703a2f2f6c6f63616c686f73742f6b646c616e64636f5f6f6d732f7075626c69632f696e6465782e7068702f61646d696e2f636f6e74656e74223b757365725f69647c733a313a2231223b617574685f637573746f6d7c733a353a2261646d696e223b757365725f746f6b656e7c733a34303a2237623832376334633862303064333436306166373932373261333031326463663337366630656539223b6964656e746974797c733a353a2261646d696e223b726f6c655f69647c733a313a2231223b6c6f676765645f696e7c623a313b6c616e67756167657c733a373a22656e676c697368223b70726576696f75735f706167657c733a36303a22687474703a2f2f6c6f63616c686f73742f6b646c616e64636f5f6f6d732f7075626c69632f696e6465782e7068702f61646d696e2f636f6e74656e74223b),
('c964a8cf61b75eff7a92eeb577c89d7d4ca919e9', '::1', 1461179621, 0x5f5f63695f6c6173745f726567656e65726174657c693a313436313137393335353b7265717565737465645f706167657c733a37343a22687474703a2f2f6c6f63616c686f73742f6b646c616e64636f5f6f6d732f7075626c69632f696e6465782e7068702f61646d696e2f73657474696e67732f726f6c65732f656469742f32223b757365725f69647c733a313a2231223b617574685f637573746f6d7c733a353a2261646d696e223b757365725f746f6b656e7c733a34303a2237623832376334633862303064333436306166373932373261333031326463663337366630656539223b6964656e746974797c733a31393a2261646d696e406d79626f6e666972652e636f6d223b726f6c655f69647c733a313a2231223b6c6f676765645f696e7c623a313b6c616e67756167657c733a373a22656e676c697368223b70726576696f75735f706167657c733a37343a22687474703a2f2f6c6f63616c686f73742f6b646c616e64636f5f6f6d732f7075626c69632f696e6465782e7068702f61646d696e2f73657474696e67732f726f6c65732f656469742f32223b6d6573736167657c733a303a22223b5f5f63695f766172737c613a313a7b733a373a226d657373616765223b733a333a226f6c64223b7d),
('cc703a19cecb55105e17fb1452abf4b51bcd3ae3', '::1', 1461503815, 0x5f5f63695f6c6173745f726567656e65726174657c693a313436313530333733373b7265717565737465645f706167657c733a36303a22687474703a2f2f6c6f63616c686f73742f6b646c616e64636f5f6f6d732f7075626c69632f696e6465782e7068702f61646d696e2f636f6e74656e74223b757365725f69647c733a313a2231223b617574685f637573746f6d7c733a353a2261646d696e223b757365725f746f6b656e7c733a34303a2237623832376334633862303064333436306166373932373261333031326463663337366630656539223b6964656e746974797c733a353a2261646d696e223b726f6c655f69647c733a313a2231223b6c6f676765645f696e7c623a313b6c616e67756167657c733a373a22656e676c697368223b70726576696f75735f706167657c733a36303a22687474703a2f2f6c6f63616c686f73742f6b646c616e64636f5f6f6d732f7075626c69632f696e6465782e7068702f61646d696e2f636f6e74656e74223b),
('d1c3654842bb98d7968dc950ddec0a333f60732c', '::1', 1461501715, 0x5f5f63695f6c6173745f726567656e65726174657c693a313436313530313731353b7265717565737465645f706167657c733a36303a22687474703a2f2f6c6f63616c686f73742f6b646c616e64636f5f6f6d732f7075626c69632f696e6465782e7068702f61646d696e2f636f6e74656e74223b757365725f69647c733a313a2231223b617574685f637573746f6d7c733a353a2261646d696e223b757365725f746f6b656e7c733a34303a2237623832376334633862303064333436306166373932373261333031326463663337366630656539223b6964656e746974797c733a353a2261646d696e223b726f6c655f69647c733a313a2231223b6c6f676765645f696e7c623a313b6c616e67756167657c733a373a22656e676c697368223b70726576696f75735f706167657c733a36303a22687474703a2f2f6c6f63616c686f73742f6b646c616e64636f5f6f6d732f7075626c69632f696e6465782e7068702f61646d696e2f636f6e74656e74223b),
('dec73de9ed86e06c4213407b98d8085d61bb21ce', '::1', 1461431967, 0x5f5f63695f6c6173745f726567656e65726174657c693a313436313433313936323b7265717565737465645f706167657c733a37343a22687474703a2f2f6c6f63616c686f73742f6b646c616e64636f5f6f6d732f7075626c69632f696e6465782e7068702f61646d696e2f636f6e74656e742f70656e64696e675f7461736b73223b757365725f69647c733a313a2231223b617574685f637573746f6d7c733a353a2261646d696e223b757365725f746f6b656e7c733a34303a2237623832376334633862303064333436306166373932373261333031326463663337366630656539223b6964656e746974797c733a353a2261646d696e223b726f6c655f69647c733a313a2231223b6c6f676765645f696e7c623a313b6c616e67756167657c733a373a22656e676c697368223b70726576696f75735f706167657c733a37343a22687474703a2f2f6c6f63616c686f73742f6b646c616e64636f5f6f6d732f7075626c69632f696e6465782e7068702f61646d696e2f636f6e74656e742f70656e64696e675f7461736b73223b),
('df60cbbabd773df2705028311e24544f5515dd78', '::1', 1461430833, 0x5f5f63695f6c6173745f726567656e65726174657c693a313436313433303630393b7265717565737465645f706167657c733a36303a22687474703a2f2f6c6f63616c686f73742f6b646c616e64636f5f6f6d732f7075626c69632f696e6465782e7068702f61646d696e2f636f6e74656e74223b757365725f69647c733a313a2231223b617574685f637573746f6d7c733a353a2261646d696e223b757365725f746f6b656e7c733a34303a2237623832376334633862303064333436306166373932373261333031326463663337366630656539223b6964656e746974797c733a353a2261646d696e223b726f6c655f69647c733a313a2231223b6c6f676765645f696e7c623a313b6c616e67756167657c733a373a22656e676c697368223b70726576696f75735f706167657c733a36303a22687474703a2f2f6c6f63616c686f73742f6b646c616e64636f5f6f6d732f7075626c69632f696e6465782e7068702f61646d696e2f636f6e74656e74223b),
('f273624b7e466e34db744c6ae92d82490a1b8d21', '::1', 1461503406, 0x5f5f63695f6c6173745f726567656e65726174657c693a313436313530333136353b7265717565737465645f706167657c733a36303a22687474703a2f2f6c6f63616c686f73742f6b646c616e64636f5f6f6d732f7075626c69632f696e6465782e7068702f61646d696e2f636f6e74656e74223b757365725f69647c733a313a2231223b617574685f637573746f6d7c733a353a2261646d696e223b757365725f746f6b656e7c733a34303a2237623832376334633862303064333436306166373932373261333031326463663337366630656539223b6964656e746974797c733a353a2261646d696e223b726f6c655f69647c733a313a2231223b6c6f676765645f696e7c623a313b6c616e67756167657c733a373a22656e676c697368223b70726576696f75735f706167657c733a36303a22687474703a2f2f6c6f63616c686f73742f6b646c616e64636f5f6f6d732f7075626c69632f696e6465782e7068702f61646d696e2f636f6e74656e74223b),
('f32a0ce0a8f1dfa7ff51cebb6fa406cc9cde55fe', '::1', 1461435309, 0x5f5f63695f6c6173745f726567656e65726174657c693a313436313433353238303b7265717565737465645f706167657c733a37343a22687474703a2f2f6c6f63616c686f73742f6b646c616e64636f5f6f6d732f7075626c69632f696e6465782e7068702f61646d696e2f636f6e74656e742f70656e64696e675f7461736b73223b757365725f69647c733a313a2231223b617574685f637573746f6d7c733a353a2261646d696e223b757365725f746f6b656e7c733a34303a2237623832376334633862303064333436306166373932373261333031326463663337366630656539223b6964656e746974797c733a353a2261646d696e223b726f6c655f69647c733a313a2231223b6c6f676765645f696e7c623a313b6c616e67756167657c733a373a22656e676c697368223b70726576696f75735f706167657c733a37343a22687474703a2f2f6c6f63616c686f73742f6b646c616e64636f5f6f6d732f7075626c69632f696e6465782e7068702f61646d696e2f636f6e74656e742f70656e64696e675f7461736b73223b),
('f5cd227a898ef0a8413e2c3cc70aa7fc628ba8a2', '::1', 1461174707, 0x5f5f63695f6c6173745f726567656e65726174657c693a313436313137343435333b7265717565737465645f706167657c733a3130323a22687474703a2f2f6c6f63616c686f73742f6b646c616e64636f5f6f6d732f7075626c69632f696e6465782e7068702f61646d696e2f646576656c6f7065722f6d6967726174696f6e732f6d6967726174655f6d6f64756c652f70656e64696e675f7461736b73223b757365725f69647c733a313a2231223b617574685f637573746f6d7c733a353a2261646d696e223b757365725f746f6b656e7c733a34303a2237623832376334633862303064333436306166373932373261333031326463663337366630656539223b6964656e746974797c733a31393a2261646d696e406d79626f6e666972652e636f6d223b726f6c655f69647c733a313a2231223b6c6f676765645f696e7c623a313b6c616e67756167657c733a373a22656e676c697368223b70726576696f75735f706167657c733a37333a22687474703a2f2f6c6f63616c686f73742f6b646c616e64636f5f6f6d732f7075626c69632f696e6465782e7068702f61646d696e2f646576656c6f7065722f6d6967726174696f6e73223b),
('f8ddd98ee7b69ad2cd009a2d5cde82faccfed39c', '::1', 1461172884, 0x5f5f63695f6c6173745f726567656e65726174657c693a313436313137323732333b7265717565737465645f706167657c733a38343a22687474703a2f2f6c6f63616c686f73742f6b646c616e64636f5f6f6d732f7075626c69632f696e6465782e7068702f61646d696e2f646576656c6f7065722f6275696c6465722f6372656174655f6d6f64756c65223b757365725f69647c733a313a2231223b617574685f637573746f6d7c733a353a2261646d696e223b757365725f746f6b656e7c733a34303a2237623832376334633862303064333436306166373932373261333031326463663337366630656539223b6964656e746974797c733a31393a2261646d696e406d79626f6e666972652e636f6d223b726f6c655f69647c733a313a2231223b6c6f676765645f696e7c623a313b6c616e67756167657c733a373a22656e676c697368223b70726576696f75735f706167657c733a38343a22687474703a2f2f6c6f63616c686f73742f6b646c616e64636f5f6f6d732f7075626c69632f696e6465782e7068702f61646d696e2f646576656c6f7065722f6275696c6465722f6372656174655f6d6f64756c65223b),
('fe1b0b21e3c2660ac4168d2b348885b7d2a87b9f', '::1', 1461603442, 0x5f5f63695f6c6173745f726567656e65726174657c693a313436313630333239323b7265717565737465645f706167657c733a36303a22687474703a2f2f6c6f63616c686f73742f6b646c616e64636f5f6f6d732f7075626c69632f696e6465782e7068702f61646d696e2f636f6e74656e74223b757365725f69647c733a313a2231223b617574685f637573746f6d7c733a353a2261646d696e223b757365725f746f6b656e7c733a34303a2237623832376334633862303064333436306166373932373261333031326463663337366630656539223b6964656e746974797c733a353a2261646d696e223b726f6c655f69647c733a313a2231223b6c6f676765645f696e7c623a313b6c616e67756167657c733a373a22656e676c697368223b70726576696f75735f706167657c733a36303a22687474703a2f2f6c6f63616c686f73742f6b646c616e64636f5f6f6d732f7075626c69632f696e6465782e7068702f61646d696e2f636f6e74656e74223b);

-- --------------------------------------------------------

--
-- Table structure for table `bf_countries`
--

CREATE TABLE IF NOT EXISTS `bf_countries` (
  `iso` char(2) NOT NULL DEFAULT 'US',
  `name` varchar(80) NOT NULL,
  `printable_name` varchar(80) NOT NULL,
  `iso3` char(3) DEFAULT NULL,
  `numcode` smallint(6) DEFAULT NULL
) ENGINE=InnoDB DEFAULT CHARSET=utf8;

--
-- Dumping data for table `bf_countries`
--

INSERT INTO `bf_countries` (`iso`, `name`, `printable_name`, `iso3`, `numcode`) VALUES
('AD', 'ANDORRA', 'Andorra', 'AND', 20),
('AE', 'UNITED ARAB EMIRATES', 'United Arab Emirates', 'ARE', 784),
('AF', 'AFGHANISTAN', 'Afghanistan', 'AFG', 4),
('AG', 'ANTIGUA AND BARBUDA', 'Antigua and Barbuda', 'ATG', 28),
('AI', 'ANGUILLA', 'Anguilla', 'AIA', 660),
('AL', 'ALBANIA', 'Albania', 'ALB', 8),
('AM', 'ARMENIA', 'Armenia', 'ARM', 51),
('AN', 'NETHERLANDS ANTILLES', 'Netherlands Antilles', 'ANT', 530),
('AO', 'ANGOLA', 'Angola', 'AGO', 24),
('AQ', 'ANTARCTICA', 'Antarctica', NULL, NULL),
('AR', 'ARGENTINA', 'Argentina', 'ARG', 32),
('AS', 'AMERICAN SAMOA', 'American Samoa', 'ASM', 16),
('AT', 'AUSTRIA', 'Austria', 'AUT', 40),
('AU', 'AUSTRALIA', 'Australia', 'AUS', 36),
('AW', 'ARUBA', 'Aruba', 'ABW', 533),
('AZ', 'AZERBAIJAN', 'Azerbaijan', 'AZE', 31),
('BA', 'BOSNIA AND HERZEGOVINA', 'Bosnia and Herzegovina', 'BIH', 70),
('BB', 'BARBADOS', 'Barbados', 'BRB', 52),
('BD', 'BANGLADESH', 'Bangladesh', 'BGD', 50),
('BE', 'BELGIUM', 'Belgium', 'BEL', 56),
('BF', 'BURKINA FASO', 'Burkina Faso', 'BFA', 854),
('BG', 'BULGARIA', 'Bulgaria', 'BGR', 100),
('BH', 'BAHRAIN', 'Bahrain', 'BHR', 48),
('BI', 'BURUNDI', 'Burundi', 'BDI', 108),
('BJ', 'BENIN', 'Benin', 'BEN', 204),
('BM', 'BERMUDA', 'Bermuda', 'BMU', 60),
('BN', 'BRUNEI DARUSSALAM', 'Brunei Darussalam', 'BRN', 96),
('BO', 'BOLIVIA', 'Bolivia', 'BOL', 68),
('BR', 'BRAZIL', 'Brazil', 'BRA', 76),
('BS', 'BAHAMAS', 'Bahamas', 'BHS', 44),
('BT', 'BHUTAN', 'Bhutan', 'BTN', 64),
('BV', 'BOUVET ISLAND', 'Bouvet Island', NULL, NULL),
('BW', 'BOTSWANA', 'Botswana', 'BWA', 72),
('BY', 'BELARUS', 'Belarus', 'BLR', 112),
('BZ', 'BELIZE', 'Belize', 'BLZ', 84),
('CA', 'CANADA', 'Canada', 'CAN', 124),
('CC', 'COCOS (KEELING) ISLANDS', 'Cocos (Keeling) Islands', NULL, NULL),
('CD', 'CONGO, THE DEMOCRATIC REPUBLIC OF THE', 'Congo, the Democratic Republic of the', 'COD', 180),
('CF', 'CENTRAL AFRICAN REPUBLIC', 'Central African Republic', 'CAF', 140),
('CG', 'CONGO', 'Congo', 'COG', 178),
('CH', 'SWITZERLAND', 'Switzerland', 'CHE', 756),
('CI', 'COTE D''IVOIRE', 'Cote D''Ivoire', 'CIV', 384),
('CK', 'COOK ISLANDS', 'Cook Islands', 'COK', 184),
('CL', 'CHILE', 'Chile', 'CHL', 152),
('CM', 'CAMEROON', 'Cameroon', 'CMR', 120),
('CN', 'CHINA', 'China', 'CHN', 156),
('CO', 'COLOMBIA', 'Colombia', 'COL', 170),
('CR', 'COSTA RICA', 'Costa Rica', 'CRI', 188),
('CS', 'SERBIA AND MONTENEGRO', 'Serbia and Montenegro', NULL, NULL),
('CU', 'CUBA', 'Cuba', 'CUB', 192),
('CV', 'CAPE VERDE', 'Cape Verde', 'CPV', 132),
('CX', 'CHRISTMAS ISLAND', 'Christmas Island', NULL, NULL),
('CY', 'CYPRUS', 'Cyprus', 'CYP', 196),
('CZ', 'CZECH REPUBLIC', 'Czech Republic', 'CZE', 203),
('DE', 'GERMANY', 'Germany', 'DEU', 276),
('DJ', 'DJIBOUTI', 'Djibouti', 'DJI', 262),
('DK', 'DENMARK', 'Denmark', 'DNK', 208),
('DM', 'DOMINICA', 'Dominica', 'DMA', 212),
('DO', 'DOMINICAN REPUBLIC', 'Dominican Republic', 'DOM', 214),
('DZ', 'ALGERIA', 'Algeria', 'DZA', 12),
('EC', 'ECUADOR', 'Ecuador', 'ECU', 218),
('EE', 'ESTONIA', 'Estonia', 'EST', 233),
('EG', 'EGYPT', 'Egypt', 'EGY', 818),
('EH', 'WESTERN SAHARA', 'Western Sahara', 'ESH', 732),
('ER', 'ERITREA', 'Eritrea', 'ERI', 232),
('ES', 'SPAIN', 'Spain', 'ESP', 724),
('ET', 'ETHIOPIA', 'Ethiopia', 'ETH', 231),
('FI', 'FINLAND', 'Finland', 'FIN', 246),
('FJ', 'FIJI', 'Fiji', 'FJI', 242),
('FK', 'FALKLAND ISLANDS (MALVINAS)', 'Falkland Islands (Malvinas)', 'FLK', 238),
('FM', 'MICRONESIA, FEDERATED STATES OF', 'Micronesia, Federated States of', 'FSM', 583),
('FO', 'FAROE ISLANDS', 'Faroe Islands', 'FRO', 234),
('FR', 'FRANCE', 'France', 'FRA', 250),
('GA', 'GABON', 'Gabon', 'GAB', 266),
('GB', 'UNITED KINGDOM', 'United Kingdom', 'GBR', 826),
('GD', 'GRENADA', 'Grenada', 'GRD', 308),
('GE', 'GEORGIA', 'Georgia', 'GEO', 268),
('GF', 'FRENCH GUIANA', 'French Guiana', 'GUF', 254),
('GH', 'GHANA', 'Ghana', 'GHA', 288),
('GI', 'GIBRALTAR', 'Gibraltar', 'GIB', 292),
('GL', 'GREENLAND', 'Greenland', 'GRL', 304),
('GM', 'GAMBIA', 'Gambia', 'GMB', 270),
('GN', 'GUINEA', 'Guinea', 'GIN', 324),
('GP', 'GUADELOUPE', 'Guadeloupe', 'GLP', 312),
('GQ', 'EQUATORIAL GUINEA', 'Equatorial Guinea', 'GNQ', 226),
('GR', 'GREECE', 'Greece', 'GRC', 300),
('GS', 'SOUTH GEORGIA AND THE SOUTH SANDWICH ISLANDS', 'South Georgia and the South Sandwich Islands', NULL, NULL),
('GT', 'GUATEMALA', 'Guatemala', 'GTM', 320),
('GU', 'GUAM', 'Guam', 'GUM', 316),
('GW', 'GUINEA-BISSAU', 'Guinea-Bissau', 'GNB', 624),
('GY', 'GUYANA', 'Guyana', 'GUY', 328),
('HK', 'HONG KONG', 'Hong Kong', 'HKG', 344),
('HM', 'HEARD ISLAND AND MCDONALD ISLANDS', 'Heard Island and Mcdonald Islands', NULL, NULL),
('HN', 'HONDURAS', 'Honduras', 'HND', 340),
('HR', 'CROATIA', 'Croatia', 'HRV', 191),
('HT', 'HAITI', 'Haiti', 'HTI', 332),
('HU', 'HUNGARY', 'Hungary', 'HUN', 348),
('ID', 'INDONESIA', 'Indonesia', 'IDN', 360),
('IE', 'IRELAND', 'Ireland', 'IRL', 372),
('IL', 'ISRAEL', 'Israel', 'ISR', 376),
('IN', 'INDIA', 'India', 'IND', 356),
('IO', 'BRITISH INDIAN OCEAN TERRITORY', 'British Indian Ocean Territory', NULL, NULL),
('IQ', 'IRAQ', 'Iraq', 'IRQ', 368),
('IR', 'IRAN, ISLAMIC REPUBLIC OF', 'Iran, Islamic Republic of', 'IRN', 364),
('IS', 'ICELAND', 'Iceland', 'ISL', 352),
('IT', 'ITALY', 'Italy', 'ITA', 380),
('JM', 'JAMAICA', 'Jamaica', 'JAM', 388),
('JO', 'JORDAN', 'Jordan', 'JOR', 400),
('JP', 'JAPAN', 'Japan', 'JPN', 392),
('KE', 'KENYA', 'Kenya', 'KEN', 404),
('KG', 'KYRGYZSTAN', 'Kyrgyzstan', 'KGZ', 417),
('KH', 'CAMBODIA', 'Cambodia', 'KHM', 116),
('KI', 'KIRIBATI', 'Kiribati', 'KIR', 296),
('KM', 'COMOROS', 'Comoros', 'COM', 174),
('KN', 'SAINT KITTS AND NEVIS', 'Saint Kitts and Nevis', 'KNA', 659),
('KP', 'KOREA, DEMOCRATIC PEOPLE''S REPUBLIC OF', 'Korea, Democratic People''s Republic of', 'PRK', 408),
('KR', 'KOREA, REPUBLIC OF', 'Korea, Republic of', 'KOR', 410),
('KW', 'KUWAIT', 'Kuwait', 'KWT', 414),
('KY', 'CAYMAN ISLANDS', 'Cayman Islands', 'CYM', 136),
('KZ', 'KAZAKHSTAN', 'Kazakhstan', 'KAZ', 398),
('LA', 'LAO PEOPLE''S DEMOCRATIC REPUBLIC', 'Lao People''s Democratic Republic', 'LAO', 418),
('LB', 'LEBANON', 'Lebanon', 'LBN', 422),
('LC', 'SAINT LUCIA', 'Saint Lucia', 'LCA', 662),
('LI', 'LIECHTENSTEIN', 'Liechtenstein', 'LIE', 438),
('LK', 'SRI LANKA', 'Sri Lanka', 'LKA', 144),
('LR', 'LIBERIA', 'Liberia', 'LBR', 430),
('LS', 'LESOTHO', 'Lesotho', 'LSO', 426),
('LT', 'LITHUANIA', 'Lithuania', 'LTU', 440),
('LU', 'LUXEMBOURG', 'Luxembourg', 'LUX', 442),
('LV', 'LATVIA', 'Latvia', 'LVA', 428),
('LY', 'LIBYAN ARAB JAMAHIRIYA', 'Libyan Arab Jamahiriya', 'LBY', 434),
('MA', 'MOROCCO', 'Morocco', 'MAR', 504),
('MC', 'MONACO', 'Monaco', 'MCO', 492),
('MD', 'MOLDOVA, REPUBLIC OF', 'Moldova, Republic of', 'MDA', 498),
('MG', 'MADAGASCAR', 'Madagascar', 'MDG', 450),
('MH', 'MARSHALL ISLANDS', 'Marshall Islands', 'MHL', 584),
('MK', 'MACEDONIA, THE FORMER YUGOSLAV REPUBLIC OF', 'Macedonia, the Former Yugoslav Republic of', 'MKD', 807),
('ML', 'MALI', 'Mali', 'MLI', 466),
('MM', 'MYANMAR', 'Myanmar', 'MMR', 104),
('MN', 'MONGOLIA', 'Mongolia', 'MNG', 496),
('MO', 'MACAO', 'Macao', 'MAC', 446),
('MP', 'NORTHERN MARIANA ISLANDS', 'Northern Mariana Islands', 'MNP', 580),
('MQ', 'MARTINIQUE', 'Martinique', 'MTQ', 474),
('MR', 'MAURITANIA', 'Mauritania', 'MRT', 478),
('MS', 'MONTSERRAT', 'Montserrat', 'MSR', 500),
('MT', 'MALTA', 'Malta', 'MLT', 470),
('MU', 'MAURITIUS', 'Mauritius', 'MUS', 480),
('MV', 'MALDIVES', 'Maldives', 'MDV', 462),
('MW', 'MALAWI', 'Malawi', 'MWI', 454),
('MX', 'MEXICO', 'Mexico', 'MEX', 484),
('MY', 'MALAYSIA', 'Malaysia', 'MYS', 458),
('MZ', 'MOZAMBIQUE', 'Mozambique', 'MOZ', 508),
('NA', 'NAMIBIA', 'Namibia', 'NAM', 516),
('NC', 'NEW CALEDONIA', 'New Caledonia', 'NCL', 540),
('NE', 'NIGER', 'Niger', 'NER', 562),
('NF', 'NORFOLK ISLAND', 'Norfolk Island', 'NFK', 574),
('NG', 'NIGERIA', 'Nigeria', 'NGA', 566),
('NI', 'NICARAGUA', 'Nicaragua', 'NIC', 558),
('NL', 'NETHERLANDS', 'Netherlands', 'NLD', 528),
('NO', 'NORWAY', 'Norway', 'NOR', 578),
('NP', 'NEPAL', 'Nepal', 'NPL', 524),
('NR', 'NAURU', 'Nauru', 'NRU', 520),
('NU', 'NIUE', 'Niue', 'NIU', 570),
('NZ', 'NEW ZEALAND', 'New Zealand', 'NZL', 554),
('OM', 'OMAN', 'Oman', 'OMN', 512),
('PA', 'PANAMA', 'Panama', 'PAN', 591),
('PE', 'PERU', 'Peru', 'PER', 604),
('PF', 'FRENCH POLYNESIA', 'French Polynesia', 'PYF', 258),
('PG', 'PAPUA NEW GUINEA', 'Papua New Guinea', 'PNG', 598),
('PH', 'PHILIPPINES', 'Philippines', 'PHL', 608),
('PK', 'PAKISTAN', 'Pakistan', 'PAK', 586),
('PL', 'POLAND', 'Poland', 'POL', 616),
('PM', 'SAINT PIERRE AND MIQUELON', 'Saint Pierre and Miquelon', 'SPM', 666),
('PN', 'PITCAIRN', 'Pitcairn', 'PCN', 612),
('PR', 'PUERTO RICO', 'Puerto Rico', 'PRI', 630),
('PS', 'PALESTINIAN TERRITORY, OCCUPIED', 'Palestinian Territory, Occupied', NULL, NULL),
('PT', 'PORTUGAL', 'Portugal', 'PRT', 620),
('PW', 'PALAU', 'Palau', 'PLW', 585),
('PY', 'PARAGUAY', 'Paraguay', 'PRY', 600),
('QA', 'QATAR', 'Qatar', 'QAT', 634),
('RE', 'REUNION', 'Reunion', 'REU', 638),
('RO', 'ROMANIA', 'Romania', 'ROM', 642),
('RU', 'RUSSIAN FEDERATION', 'Russian Federation', 'RUS', 643),
('RW', 'RWANDA', 'Rwanda', 'RWA', 646),
('SA', 'SAUDI ARABIA', 'Saudi Arabia', 'SAU', 682),
('SB', 'SOLOMON ISLANDS', 'Solomon Islands', 'SLB', 90),
('SC', 'SEYCHELLES', 'Seychelles', 'SYC', 690),
('SD', 'SUDAN', 'Sudan', 'SDN', 736),
('SE', 'SWEDEN', 'Sweden', 'SWE', 752),
('SG', 'SINGAPORE', 'Singapore', 'SGP', 702),
('SH', 'SAINT HELENA', 'Saint Helena', 'SHN', 654),
('SI', 'SLOVENIA', 'Slovenia', 'SVN', 705),
('SJ', 'SVALBARD AND JAN MAYEN', 'Svalbard and Jan Mayen', 'SJM', 744),
('SK', 'SLOVAKIA', 'Slovakia', 'SVK', 703),
('SL', 'SIERRA LEONE', 'Sierra Leone', 'SLE', 694),
('SM', 'SAN MARINO', 'San Marino', 'SMR', 674),
('SN', 'SENEGAL', 'Senegal', 'SEN', 686),
('SO', 'SOMALIA', 'Somalia', 'SOM', 706),
('SR', 'SURINAME', 'Suriname', 'SUR', 740),
('ST', 'SAO TOME AND PRINCIPE', 'Sao Tome and Principe', 'STP', 678),
('SV', 'EL SALVADOR', 'El Salvador', 'SLV', 222),
('SY', 'SYRIAN ARAB REPUBLIC', 'Syrian Arab Republic', 'SYR', 760),
('SZ', 'SWAZILAND', 'Swaziland', 'SWZ', 748),
('TC', 'TURKS AND CAICOS ISLANDS', 'Turks and Caicos Islands', 'TCA', 796),
('TD', 'CHAD', 'Chad', 'TCD', 148),
('TF', 'FRENCH SOUTHERN TERRITORIES', 'French Southern Territories', NULL, NULL),
('TG', 'TOGO', 'Togo', 'TGO', 768),
('TH', 'THAILAND', 'Thailand', 'THA', 764),
('TJ', 'TAJIKISTAN', 'Tajikistan', 'TJK', 762),
('TK', 'TOKELAU', 'Tokelau', 'TKL', 772),
('TL', 'TIMOR-LESTE', 'Timor-Leste', NULL, NULL),
('TM', 'TURKMENISTAN', 'Turkmenistan', 'TKM', 795),
('TN', 'TUNISIA', 'Tunisia', 'TUN', 788),
('TO', 'TONGA', 'Tonga', 'TON', 776),
('TR', 'TURKEY', 'Turkey', 'TUR', 792),
('TT', 'TRINIDAD AND TOBAGO', 'Trinidad and Tobago', 'TTO', 780),
('TV', 'TUVALU', 'Tuvalu', 'TUV', 798),
('TW', 'TAIWAN, PROVINCE OF CHINA', 'Taiwan, Province of China', 'TWN', 158),
('TZ', 'TANZANIA, UNITED REPUBLIC OF', 'Tanzania, United Republic of', 'TZA', 834),
('UA', 'UKRAINE', 'Ukraine', 'UKR', 804),
('UG', 'UGANDA', 'Uganda', 'UGA', 800),
('UM', 'UNITED STATES MINOR OUTLYING ISLANDS', 'United States Minor Outlying Islands', NULL, NULL),
('US', 'UNITED STATES', 'United States', 'USA', 840),
('UY', 'URUGUAY', 'Uruguay', 'URY', 858),
('UZ', 'UZBEKISTAN', 'Uzbekistan', 'UZB', 860),
('VA', 'HOLY SEE (VATICAN CITY STATE)', 'Holy See (Vatican City State)', 'VAT', 336),
('VC', 'SAINT VINCENT AND THE GRENADINES', 'Saint Vincent and the Grenadines', 'VCT', 670),
('VE', 'VENEZUELA', 'Venezuela', 'VEN', 862),
('VG', 'VIRGIN ISLANDS, BRITISH', 'Virgin Islands, British', 'VGB', 92),
('VI', 'VIRGIN ISLANDS, U.S.', 'Virgin Islands, U.s.', 'VIR', 850),
('VN', 'VIET NAM', 'Viet Nam', 'VNM', 704),
('VU', 'VANUATU', 'Vanuatu', 'VUT', 548),
('WF', 'WALLIS AND FUTUNA', 'Wallis and Futuna', 'WLF', 876),
('WS', 'SAMOA', 'Samoa', 'WSM', 882),
('YE', 'YEMEN', 'Yemen', 'YEM', 887),
('YT', 'MAYOTTE', 'Mayotte', NULL, NULL),
('ZA', 'SOUTH AFRICA', 'South Africa', 'ZAF', 710),
('ZM', 'ZAMBIA', 'Zambia', 'ZMB', 894),
('ZW', 'ZIMBABWE', 'Zimbabwe', 'ZWE', 716);

-- --------------------------------------------------------

--
-- Table structure for table `bf_email_queue`
--

CREATE TABLE IF NOT EXISTS `bf_email_queue` (
  `id` int(11) NOT NULL,
  `to_email` varchar(254) NOT NULL,
  `subject` varchar(255) NOT NULL,
  `message` text NOT NULL,
  `alt_message` text,
  `max_attempts` int(11) NOT NULL DEFAULT '3',
  `attempts` int(11) NOT NULL DEFAULT '0',
  `success` tinyint(1) NOT NULL DEFAULT '0',
  `date_published` datetime DEFAULT NULL,
  `last_attempt` datetime DEFAULT NULL,
  `date_sent` datetime DEFAULT NULL,
  `csv_attachment` text
) ENGINE=InnoDB DEFAULT CHARSET=utf8;

-- --------------------------------------------------------

--
-- Table structure for table `bf_login_attempts`
--

CREATE TABLE IF NOT EXISTS `bf_login_attempts` (
  `id` bigint(20) NOT NULL,
  `ip_address` varchar(45) NOT NULL,
  `login` varchar(255) NOT NULL,
  `time` timestamp NOT NULL DEFAULT CURRENT_TIMESTAMP
) ENGINE=InnoDB DEFAULT CHARSET=utf8;

-- --------------------------------------------------------

--
-- Table structure for table `bf_pending_tasks`
--

CREATE TABLE IF NOT EXISTS `bf_pending_tasks` (
  `id` int(11) NOT NULL,
  `title` varchar(256) NOT NULL,
  `description` varchar(512) DEFAULT NULL,
  `remind_after` int(11) NOT NULL,
  `status` tinyint(1) NOT NULL,
  `user_id` int(11) DEFAULT NULL,
  `created_on` date NOT NULL
) ENGINE=InnoDB AUTO_INCREMENT=9 DEFAULT CHARSET=utf8;

--
-- Dumping data for table `bf_pending_tasks`
--

INSERT INTO `bf_pending_tasks` (`id`, `title`, `description`, `remind_after`, `status`, `user_id`, `created_on`) VALUES
(5, 'Office Management System', 'This is sample pending task', 0, 0, 1, '2016-04-25'),
(6, 'This is test title', 'This is the second test', 0, 0, 1, '2016-04-25'),
(7, 'This is sample', 'This is third', 0, 0, 1, '2016-04-25'),
(8, '4th pending task', 'This is 4th pending task', 0, 0, 1, '2016-04-25');

-- --------------------------------------------------------

--
-- Table structure for table `bf_permissions`
--

CREATE TABLE IF NOT EXISTS `bf_permissions` (
  `permission_id` int(11) NOT NULL,
  `name` varchar(255) NOT NULL,
  `description` varchar(100) NOT NULL,
  `status` enum('active','inactive','deleted') NOT NULL DEFAULT 'active'
) ENGINE=InnoDB AUTO_INCREMENT=66 DEFAULT CHARSET=utf8;

--
-- Dumping data for table `bf_permissions`
--

INSERT INTO `bf_permissions` (`permission_id`, `name`, `description`, `status`) VALUES
(2, 'Site.Content.View', 'Allow users to view the Content Context', 'active'),
(3, 'Site.Reports.View', 'Allow users to view the Reports Context', 'active'),
(4, 'Site.Settings.View', 'Allow users to view the Settings Context', 'active'),
(5, 'Site.Developer.View', 'Allow users to view the Developer Context', 'active'),
(6, 'Bonfire.Roles.Manage', 'Allow users to manage the user Roles', 'active'),
(7, 'Bonfire.Users.Manage', 'Allow users to manage the site Users', 'active'),
(8, 'Bonfire.Users.View', 'Allow users access to the User Settings', 'active'),
(9, 'Bonfire.Users.Add', 'Allow users to add new Users', 'active'),
(10, 'Bonfire.Database.Manage', 'Allow users to manage the Database settings', 'active'),
(11, 'Bonfire.Emailer.Manage', 'Allow users to manage the Emailer settings', 'active'),
(12, 'Bonfire.Logs.View', 'Allow users access to the Log details', 'active'),
(13, 'Bonfire.Logs.Manage', 'Allow users to manage the Log files', 'active'),
(14, 'Bonfire.Emailer.View', 'Allow users access to the Emailer settings', 'active'),
(15, 'Site.Signin.Offline', 'Allow users to login to the site when the site is offline', 'active'),
(16, 'Bonfire.Permissions.View', 'Allow access to view the Permissions menu unders Settings Context', 'active'),
(17, 'Bonfire.Permissions.Manage', 'Allow access to manage the Permissions in the system', 'active'),
(18, 'Bonfire.Modules.Add', 'Allow creation of modules with the builder.', 'active'),
(19, 'Bonfire.Modules.Delete', 'Allow deletion of modules.', 'active'),
(20, 'Permissions.Administrator.Manage', 'To manage the access control permissions for the Administrator role.', 'active'),
(21, 'Permissions.Editor.Manage', 'To manage the access control permissions for the Editor role.', 'active'),
(23, 'Permissions.User.Manage', 'To manage the access control permissions for the User role.', 'active'),
(24, 'Permissions.Developer.Manage', 'To manage the access control permissions for the Developer role.', 'active'),
(26, 'Activities.Own.View', 'To view the users own activity logs', 'active'),
(27, 'Activities.Own.Delete', 'To delete the users own activity logs', 'active'),
(28, 'Activities.User.View', 'To view the user activity logs', 'active'),
(29, 'Activities.User.Delete', 'To delete the user activity logs, except own', 'active'),
(30, 'Activities.Module.View', 'To view the module activity logs', 'active'),
(31, 'Activities.Module.Delete', 'To delete the module activity logs', 'active'),
(32, 'Activities.Date.View', 'To view the users own activity logs', 'active'),
(33, 'Activities.Date.Delete', 'To delete the dated activity logs', 'active'),
(34, 'Bonfire.UI.Manage', 'Manage the Bonfire UI settings', 'active'),
(35, 'Bonfire.Settings.View', 'To view the site settings page.', 'active'),
(36, 'Bonfire.Settings.Manage', 'To manage the site settings.', 'active'),
(37, 'Bonfire.Activities.View', 'To view the Activities menu.', 'active'),
(38, 'Bonfire.Database.View', 'To view the Database menu.', 'active'),
(39, 'Bonfire.Migrations.View', 'To view the Migrations menu.', 'active'),
(40, 'Bonfire.Builder.View', 'To view the Modulebuilder menu.', 'active'),
(41, 'Bonfire.Roles.View', 'To view the Roles menu.', 'active'),
(42, 'Bonfire.Sysinfo.View', 'To view the System Information page.', 'active'),
(43, 'Bonfire.Translate.Manage', 'To manage the Language Translation.', 'active'),
(44, 'Bonfire.Translate.View', 'To view the Language Translate menu.', 'active'),
(45, 'Bonfire.UI.View', 'To view the UI/Keyboard Shortcut menu.', 'active'),
(48, 'Bonfire.Profiler.View', 'To view the Console Profiler Bar.', 'active'),
(49, 'Bonfire.Roles.Add', 'To add New Roles', 'active'),
(50, 'Pending_tasks.Content.View', 'View Pending_tasks Content', 'active'),
(51, 'Pending_tasks.Content.Create', 'Create Pending_tasks Content', 'active'),
(52, 'Pending_tasks.Content.Edit', 'Edit Pending_tasks Content', 'active'),
(53, 'Pending_tasks.Content.Delete', 'Delete Pending_tasks Content', 'active'),
(54, 'Pending_tasks.Reports.View', 'View Pending_tasks Reports', 'active'),
(55, 'Pending_tasks.Reports.Create', 'Create Pending_tasks Reports', 'active'),
(56, 'Pending_tasks.Reports.Edit', 'Edit Pending_tasks Reports', 'active'),
(57, 'Pending_tasks.Reports.Delete', 'Delete Pending_tasks Reports', 'active'),
(58, 'Pending_tasks.Settings.View', 'View Pending_tasks Settings', 'active'),
(59, 'Pending_tasks.Settings.Create', 'Create Pending_tasks Settings', 'active'),
(60, 'Pending_tasks.Settings.Edit', 'Edit Pending_tasks Settings', 'active'),
(61, 'Pending_tasks.Settings.Delete', 'Delete Pending_tasks Settings', 'active'),
(62, 'Pending_tasks.Developer.View', 'View Pending_tasks Developer', 'active'),
(63, 'Pending_tasks.Developer.Create', 'Create Pending_tasks Developer', 'active'),
(64, 'Pending_tasks.Developer.Edit', 'Edit Pending_tasks Developer', 'active'),
(65, 'Pending_tasks.Developer.Delete', 'Delete Pending_tasks Developer', 'active');

-- --------------------------------------------------------

--
-- Table structure for table `bf_roles`
--

CREATE TABLE IF NOT EXISTS `bf_roles` (
  `role_id` int(11) NOT NULL,
  `role_name` varchar(60) NOT NULL,
  `description` varchar(255) DEFAULT NULL,
  `default` tinyint(1) NOT NULL DEFAULT '0',
  `can_delete` tinyint(1) NOT NULL DEFAULT '1',
  `login_destination` varchar(255) NOT NULL DEFAULT '/',
  `default_context` varchar(255) DEFAULT 'content',
  `deleted` int(1) NOT NULL DEFAULT '0'
) ENGINE=InnoDB AUTO_INCREMENT=7 DEFAULT CHARSET=utf8;

--
-- Dumping data for table `bf_roles`
--

INSERT INTO `bf_roles` (`role_id`, `role_name`, `description`, `default`, `can_delete`, `login_destination`, `default_context`, `deleted`) VALUES
(1, 'Administrator', 'Has full control over every aspect of the site.', 0, 0, '', 'content', 0),
(2, 'Editor', 'Can handle day-to-day management, but does not have full power.', 0, 1, '', 'content', 0),
(4, 'User', 'This is the default user with access to login.', 1, 0, '', 'content', 0),
(6, 'Developer', 'Developers typically are the only ones that can access the developer tools. Otherwise identical to Administrators, at least until the site is handed off.', 0, 1, '', 'content', 0);

-- --------------------------------------------------------

--
-- Table structure for table `bf_role_permissions`
--

CREATE TABLE IF NOT EXISTS `bf_role_permissions` (
  `role_id` int(11) NOT NULL,
  `permission_id` int(11) NOT NULL
) ENGINE=InnoDB DEFAULT CHARSET=utf8;

--
-- Dumping data for table `bf_role_permissions`
--

INSERT INTO `bf_role_permissions` (`role_id`, `permission_id`) VALUES
(1, 2),
(1, 3),
(1, 4),
(1, 5),
(1, 6),
(1, 7),
(1, 8),
(1, 9),
(1, 10),
(1, 11),
(1, 12),
(1, 13),
(1, 14),
(1, 15),
(1, 16),
(1, 17),
(1, 18),
(1, 19),
(1, 20),
(1, 21),
(1, 23),
(1, 24),
(1, 26),
(1, 27),
(1, 28),
(1, 29),
(1, 30),
(1, 31),
(1, 32),
(1, 33),
(1, 34),
(1, 35),
(1, 36),
(1, 37),
(1, 38),
(1, 39),
(1, 40),
(1, 41),
(1, 42),
(1, 43),
(1, 44),
(1, 45),
(1, 48),
(1, 49),
(1, 50),
(1, 51),
(1, 52),
(1, 53),
(1, 54),
(1, 55),
(1, 56),
(1, 57),
(1, 58),
(1, 59),
(1, 60),
(1, 61),
(1, 62),
(1, 63),
(1, 64),
(1, 65),
(2, 2),
(2, 15),
(2, 26),
(2, 50),
(2, 51),
(2, 52),
(2, 53),
(6, 2),
(6, 3),
(6, 4),
(6, 5),
(6, 6),
(6, 7),
(6, 8),
(6, 9),
(6, 10),
(6, 11),
(6, 12),
(6, 13),
(6, 48);

-- --------------------------------------------------------

--
-- Table structure for table `bf_schema_version`
--

CREATE TABLE IF NOT EXISTS `bf_schema_version` (
  `type` varchar(40) NOT NULL,
  `version` int(4) NOT NULL DEFAULT '0'
) ENGINE=InnoDB DEFAULT CHARSET=utf8;

--
-- Dumping data for table `bf_schema_version`
--

INSERT INTO `bf_schema_version` (`type`, `version`) VALUES
('core', 43),
('pending_tasks_', 5);

-- --------------------------------------------------------

--
-- Table structure for table `bf_sessions`
--

CREATE TABLE IF NOT EXISTS `bf_sessions` (
  `session_id` varchar(40) NOT NULL DEFAULT '0',
  `ip_address` varchar(45) NOT NULL DEFAULT '0',
  `user_agent` varchar(120) NOT NULL,
  `last_activity` int(10) unsigned NOT NULL DEFAULT '0',
  `user_data` text NOT NULL
) ENGINE=InnoDB DEFAULT CHARSET=utf8;

-- --------------------------------------------------------

--
-- Table structure for table `bf_settings`
--

CREATE TABLE IF NOT EXISTS `bf_settings` (
  `name` varchar(30) NOT NULL,
  `module` varchar(255) NOT NULL,
  `value` varchar(255) NOT NULL
) ENGINE=InnoDB DEFAULT CHARSET=utf8;

--
-- Dumping data for table `bf_settings`
--

INSERT INTO `bf_settings` (`name`, `module`, `value`) VALUES
('auth.allow_name_change', 'core', '1'),
('auth.allow_register', 'core', '1'),
('auth.allow_remember', 'core', '1'),
('auth.do_login_redirect', 'core', '1'),
('auth.login_type', 'core', 'both'),
('auth.name_change_frequency', 'core', '1'),
('auth.name_change_limit', 'core', '1'),
('auth.password_force_mixed_case', 'core', '0'),
('auth.password_force_numbers', 'core', '0'),
('auth.password_force_symbols', 'core', '0'),
('auth.password_min_length', 'core', '8'),
('auth.password_show_labels', 'core', '0'),
('auth.remember_length', 'core', '1209600'),
('auth.user_activation_method', 'core', '0'),
('auth.use_extended_profile', 'core', '0'),
('auth.use_usernames', 'core', '1'),
('ext.country', 'core', 'IN'),
('ext.state', 'core', '-'),
('ext.street_name', 'core', ''),
('ext.type', 'core', 'small'),
('form_save', 'core.ui', 'ctrl+s/+s'),
('goto_content', 'core.ui', 'alt+c'),
('mailpath', 'email', '/usr/sbin/sendmail'),
('mailtype', 'email', 'text'),
('password_iterations', 'users', '8'),
('protocol', 'email', 'mail'),
('sender_email', 'email', ''),
('site.languages', 'core', 'a:3:{i:0;s:7:"english";i:1;s:7:"persian";i:2;s:10:"portuguese";}'),
('site.list_limit', 'core', '25'),
('site.offline_reason', 'core', ''),
('site.show_front_profiler', 'core', '1'),
('site.show_profiler', 'core', '1'),
('site.status', 'core', '1'),
('site.system_email', 'core', 'admin@kdlandco.com'),
('site.title', 'core', 'KDL&Co'),
('smtp_host', 'email', ''),
('smtp_pass', 'email', ''),
('smtp_port', 'email', ''),
('smtp_timeout', 'email', ''),
('smtp_user', 'email', ''),
('updates.bleeding_edge', 'core', '1'),
('updates.do_check', 'core', '1');

-- --------------------------------------------------------

--
-- Table structure for table `bf_states`
--

CREATE TABLE IF NOT EXISTS `bf_states` (
  `id` int(11) NOT NULL,
  `name` char(40) NOT NULL,
  `abbrev` char(2) NOT NULL
) ENGINE=InnoDB AUTO_INCREMENT=64 DEFAULT CHARSET=utf8;

--
-- Dumping data for table `bf_states`
--

INSERT INTO `bf_states` (`id`, `name`, `abbrev`) VALUES
(1, 'Alaska', 'AK'),
(2, 'Alabama', 'AL'),
(3, 'American Samoa', 'AS'),
(4, 'Arizona', 'AZ'),
(5, 'Arkansas', 'AR'),
(6, 'California', 'CA'),
(7, 'Colorado', 'CO'),
(8, 'Connecticut', 'CT'),
(9, 'Delaware', 'DE'),
(10, 'District of Columbia', 'DC'),
(11, 'Florida', 'FL'),
(12, 'Georgia', 'GA'),
(13, 'Guam', 'GU'),
(14, 'Hawaii', 'HI'),
(15, 'Idaho', 'ID'),
(16, 'Illinois', 'IL'),
(17, 'Indiana', 'IN'),
(18, 'Iowa', 'IA'),
(19, 'Kansas', 'KS'),
(20, 'Kentucky', 'KY'),
(21, 'Louisiana', 'LA'),
(22, 'Maine', 'ME'),
(23, 'Marshall Islands', 'MH'),
(24, 'Maryland', 'MD'),
(25, 'Massachusetts', 'MA'),
(26, 'Michigan', 'MI'),
(27, 'Minnesota', 'MN'),
(28, 'Mississippi', 'MS'),
(29, 'Missouri', 'MO'),
(30, 'Montana', 'MT'),
(31, 'Nebraska', 'NE'),
(32, 'Nevada', 'NV'),
(33, 'New Hampshire', 'NH'),
(34, 'New Jersey', 'NJ'),
(35, 'New Mexico', 'NM'),
(36, 'New York', 'NY'),
(37, 'North Carolina', 'NC'),
(38, 'North Dakota', 'ND'),
(39, 'Northern Mariana Islands', 'MP'),
(40, 'Ohio', 'OH'),
(41, 'Oklahoma', 'OK'),
(42, 'Oregon', 'OR'),
(43, 'Palau', 'PW'),
(44, 'Pennsylvania', 'PA'),
(45, 'Puerto Rico', 'PR'),
(46, 'Rhode Island', 'RI'),
(47, 'South Carolina', 'SC'),
(48, 'South Dakota', 'SD'),
(49, 'Tennessee', 'TN'),
(50, 'Texas', 'TX'),
(51, 'Utah', 'UT'),
(52, 'Vermont', 'VT'),
(53, 'Virgin Islands', 'VI'),
(54, 'Virginia', 'VA'),
(55, 'Washington', 'WA'),
(56, 'West Virginia', 'WV'),
(57, 'Wisconsin', 'WI'),
(58, 'Wyoming', 'WY'),
(59, 'Armed Forces Africa', 'AE'),
(60, 'Armed Forces Canada', 'AE'),
(61, 'Armed Forces Europe', 'AE'),
(62, 'Armed Forces Middle East', 'AE'),
(63, 'Armed Forces Pacific', 'AP');

-- --------------------------------------------------------

--
-- Table structure for table `bf_users`
--

CREATE TABLE IF NOT EXISTS `bf_users` (
  `id` bigint(20) unsigned NOT NULL,
  `role_id` int(11) NOT NULL DEFAULT '4',
  `email` varchar(254) NOT NULL,
  `username` varchar(30) NOT NULL DEFAULT '',
  `password_hash` char(60) DEFAULT NULL,
  `reset_hash` varchar(40) DEFAULT NULL,
  `last_login` datetime NOT NULL DEFAULT '0000-00-00 00:00:00',
  `last_ip` varchar(45) NOT NULL DEFAULT '',
  `created_on` datetime NOT NULL DEFAULT '0000-00-00 00:00:00',
  `deleted` tinyint(1) NOT NULL DEFAULT '0',
  `reset_by` int(10) DEFAULT NULL,
  `banned` tinyint(1) NOT NULL DEFAULT '0',
  `ban_message` varchar(255) DEFAULT NULL,
  `display_name` varchar(255) DEFAULT '',
  `display_name_changed` date DEFAULT NULL,
  `timezone` varchar(40) NOT NULL DEFAULT 'UM6',
  `language` varchar(20) NOT NULL DEFAULT 'english',
  `active` tinyint(1) NOT NULL DEFAULT '0',
  `activate_hash` varchar(40) NOT NULL DEFAULT '',
  `force_password_reset` tinyint(1) DEFAULT '0'
) ENGINE=InnoDB AUTO_INCREMENT=3 DEFAULT CHARSET=utf8;

--
-- Dumping data for table `bf_users`
--

INSERT INTO `bf_users` (`id`, `role_id`, `email`, `username`, `password_hash`, `reset_hash`, `last_login`, `last_ip`, `created_on`, `deleted`, `reset_by`, `banned`, `ban_message`, `display_name`, `display_name_changed`, `timezone`, `language`, `active`, `activate_hash`, `force_password_reset`) VALUES
(1, 1, 'admin@mybonfire.com', 'admin', '$2a$08$hSlLzP32KAXHg7UnKp8lC.ysiUSjEgqV303nGa3ZRNt/.t9LbidPi', NULL, '2016-04-25 21:46:53', '::1', '2016-04-20 19:18:37', 0, NULL, 0, NULL, 'admin', NULL, 'UM6', 'english', 1, '', 0),
(2, 2, 'taralpatoliya.mca@gmail.com', 'taralp', '$2a$08$xHcIWY.oA.9TnnhoTDqPhO4InmvmHpyW7zwEnSxfLsex2Hb.IWVuS', NULL, '2016-04-21 00:42:20', '::1', '2016-04-21 00:41:26', 0, NULL, 0, NULL, 'Taral Patoliya', NULL, 'UP55', 'english', 1, '', 0);

-- --------------------------------------------------------

--
-- Table structure for table `bf_user_cookies`
--

CREATE TABLE IF NOT EXISTS `bf_user_cookies` (
  `user_id` bigint(20) unsigned NOT NULL,
  `token` varchar(128) NOT NULL,
  `created_on` datetime NOT NULL
) ENGINE=InnoDB DEFAULT CHARSET=utf8;

--
-- Dumping data for table `bf_user_cookies`
--

INSERT INTO `bf_user_cookies` (`user_id`, `token`, `created_on`) VALUES
(1, '0uvo0CkdDpnTxkjc63KEhcmjXZgf0EIemkY3Rb1t7HutoTVezFOy5MZ9VBhOaC4BDEAUr9wPOGU7HKq6hpfap5lvbj6isC1abF3AxY8SN2XeJKdGSWQxsX4nqn2fMMrv', '2016-04-23 22:26:50');

-- --------------------------------------------------------

--
-- Table structure for table `bf_user_meta`
--

CREATE TABLE IF NOT EXISTS `bf_user_meta` (
  `meta_id` int(20) unsigned NOT NULL,
  `user_id` bigint(20) unsigned NOT NULL DEFAULT '0',
  `meta_key` varchar(255) NOT NULL DEFAULT '',
  `meta_value` text
) ENGINE=InnoDB AUTO_INCREMENT=3 DEFAULT CHARSET=utf8;

--
-- Dumping data for table `bf_user_meta`
--

INSERT INTO `bf_user_meta` (`meta_id`, `user_id`, `meta_key`, `meta_value`) VALUES
(1, 2, 'state', '-'),
(2, 2, 'country', 'IN');

--
-- Indexes for dumped tables
--

--
-- Indexes for table `bf_activities`
--
ALTER TABLE `bf_activities`
  ADD PRIMARY KEY (`activity_id`);

--
-- Indexes for table `bf_ci3_sessions`
--
ALTER TABLE `bf_ci3_sessions`
  ADD PRIMARY KEY (`id`);

--
-- Indexes for table `bf_countries`
--
ALTER TABLE `bf_countries`
  ADD PRIMARY KEY (`iso`);

--
-- Indexes for table `bf_email_queue`
--
ALTER TABLE `bf_email_queue`
  ADD PRIMARY KEY (`id`);

--
-- Indexes for table `bf_login_attempts`
--
ALTER TABLE `bf_login_attempts`
  ADD PRIMARY KEY (`id`);

--
-- Indexes for table `bf_pending_tasks`
--
ALTER TABLE `bf_pending_tasks`
  ADD PRIMARY KEY (`id`);

--
-- Indexes for table `bf_permissions`
--
ALTER TABLE `bf_permissions`
  ADD PRIMARY KEY (`permission_id`);

--
-- Indexes for table `bf_roles`
--
ALTER TABLE `bf_roles`
  ADD PRIMARY KEY (`role_id`);

--
-- Indexes for table `bf_role_permissions`
--
ALTER TABLE `bf_role_permissions`
  ADD PRIMARY KEY (`role_id`,`permission_id`);

--
-- Indexes for table `bf_schema_version`
--
ALTER TABLE `bf_schema_version`
  ADD PRIMARY KEY (`type`);

--
-- Indexes for table `bf_sessions`
--
ALTER TABLE `bf_sessions`
  ADD PRIMARY KEY (`session_id`);

--
-- Indexes for table `bf_settings`
--
ALTER TABLE `bf_settings`
  ADD PRIMARY KEY (`name`);

--
-- Indexes for table `bf_states`
--
ALTER TABLE `bf_states`
  ADD PRIMARY KEY (`id`);

--
-- Indexes for table `bf_users`
--
ALTER TABLE `bf_users`
  ADD PRIMARY KEY (`id`),
  ADD KEY `email` (`email`);

--
-- Indexes for table `bf_user_cookies`
--
ALTER TABLE `bf_user_cookies`
  ADD KEY `token` (`token`);

--
-- Indexes for table `bf_user_meta`
--
ALTER TABLE `bf_user_meta`
  ADD PRIMARY KEY (`meta_id`);

--
-- AUTO_INCREMENT for dumped tables
--

--
-- AUTO_INCREMENT for table `bf_activities`
--
ALTER TABLE `bf_activities`
  MODIFY `activity_id` bigint(20) NOT NULL AUTO_INCREMENT,AUTO_INCREMENT=29;
--
-- AUTO_INCREMENT for table `bf_email_queue`
--
ALTER TABLE `bf_email_queue`
  MODIFY `id` int(11) NOT NULL AUTO_INCREMENT;
--
-- AUTO_INCREMENT for table `bf_login_attempts`
--
ALTER TABLE `bf_login_attempts`
  MODIFY `id` bigint(20) NOT NULL AUTO_INCREMENT;
--
-- AUTO_INCREMENT for table `bf_pending_tasks`
--
ALTER TABLE `bf_pending_tasks`
  MODIFY `id` int(11) NOT NULL AUTO_INCREMENT,AUTO_INCREMENT=9;
--
-- AUTO_INCREMENT for table `bf_permissions`
--
ALTER TABLE `bf_permissions`
  MODIFY `permission_id` int(11) NOT NULL AUTO_INCREMENT,AUTO_INCREMENT=66;
--
-- AUTO_INCREMENT for table `bf_roles`
--
ALTER TABLE `bf_roles`
  MODIFY `role_id` int(11) NOT NULL AUTO_INCREMENT,AUTO_INCREMENT=7;
--
-- AUTO_INCREMENT for table `bf_states`
--
ALTER TABLE `bf_states`
  MODIFY `id` int(11) NOT NULL AUTO_INCREMENT,AUTO_INCREMENT=64;
--
-- AUTO_INCREMENT for table `bf_users`
--
ALTER TABLE `bf_users`
  MODIFY `id` bigint(20) unsigned NOT NULL AUTO_INCREMENT,AUTO_INCREMENT=3;
--
-- AUTO_INCREMENT for table `bf_user_meta`
--
ALTER TABLE `bf_user_meta`
  MODIFY `meta_id` int(20) unsigned NOT NULL AUTO_INCREMENT,AUTO_INCREMENT=3;
/*!40101 SET CHARACTER_SET_CLIENT=@OLD_CHARACTER_SET_CLIENT */;
/*!40101 SET CHARACTER_SET_RESULTS=@OLD_CHARACTER_SET_RESULTS */;
/*!40101 SET COLLATION_CONNECTION=@OLD_COLLATION_CONNECTION */;
